title,addr_zip,size_sqft,bedrooms,bathrooms,prewar,price
323 East 21st Street #2D,10010,600,1.0,1.0,1,335000
119 East 17th Street ,10003,8400,,0.0,1,4710000
210 East 17th Street #BSMTA,10003,602,0.0,1.0,1,350000
130 East 17th Street #1A,10003,500,0.0,1.0,1,299000
310 East 23rd Street ,10010,600,,1.0,1,369000
158 East 22nd Street #2,10010,800,1.0,1.0,1,499000
235 East 22nd Street ,10010,575,,1.0,1,359000
323 East 21st Street #4M,10010,600,1.0,1.0,1,375000
310 East 23rd Street #5C,10010,550,0.0,1.0,1,359000
310 East 23rd Street #7A,10010,1000,1.0,1.0,1,660000
235 East 22nd Street #4L,10010,975,1.0,1.0,1,665000
158 East 22nd Street #2,10010,800,1.0,1.0,1,549000
200 East 16th Street #2E,10003,500,0.0,1.0,1,349000
235 East 22nd Street #8P,10010,700,1.0,1.0,1,489000
210 East 17th Street #6D,10003,500,2.0,1.0,1,350000
210 East 21st Street #5B,10010,300,0.0,1.0,1,210000
323 East 21st Street #1B,10010,647,1.0,1.0,1,455000
235 East 22nd Street #9L,10010,975,1.0,1.0,1,690000
207 East 21st Street #2B,10010,600,1.0,1.0,1,425000
235 East 22nd Street #5U,10010,500,,1.0,1,355000
379 First Avenue #3,10010,591,1.0,1.0,1,430000
235 East 22nd Street #13Q,10010,500,0.0,1.0,1,365000
242 East 19th Street #2E,10003,750,1.0,1.0,1,550000
323 E 21st Street #4D,10010,500,1.0,1.0,1,369000
323 E 21st Street #4D,10010,500,1.0,1.0,1,369000
317 East 18th Street #6D,10003,350,0.0,1.0,1,259000
317 East 18th Street #6A,10003,700,1.0,1.0,1,519000
310 East 23rd Street #5G,10010,600,0.0,1.0,1,445000
235 East 22nd Street #12L,10010,975,1.0,1.0,1,725000
310 East 23rd Street #11B,10010,600,1.0,1.0,1,450000
310 East 23rd Street #11B,10010,600,1.0,1.0,1,450000
235 East 22nd Street #14F,10010,900,1.0,1.0,1,679000
351 East 18th Street ,10003,3300,3.0,3.0,1,2495000
235 East 22nd Street #9Q,10010,525,0.0,1.0,1,399000
235 East 22nd Street #5Q,10010,530,0.0,1.0,1,405000
39A Gramercy Park North #3A,10010,400,0.0,1.0,1,309000
379 First Avenue #4,10010,600,1.0,1.0,1,425000
235 East 22nd Street #5A,10010,1250,2.0,2.0,1,970000
235 East 22nd Street #11F,10010,950,1.0,1.0,1,739000
310 East 23rd Street #4C,10010,500,,1.0,1,389900
317 East 18th Street #4A,10003,700,1.0,1.0,1,550000
205 East 22nd Street #2D,10010,1027,2.0,1.0,1,825000
235 East 22nd Street #16T,10010,820,1.0,1.0,1,645000
242 East 19th Street #8H,10003,800,1.0,1.0,1,630000
235 East 22nd Street #2G,10010,950,1.0,1.0,1,749000
310 East 23rd Street #11B,10010,600,0.0,1.0,1,475000
235 East 22nd Street #3G,10010,900,1.0,1.0,1,715000
235 East 22nd Street #4G,10010,1000,1.0,1.0,1,795000
235 East 22nd Street #8U,10010,500,,1.0,1,399000
317 East 18th Street #2C,10003,600,1.0,1.0,1,479000
205 East 16th Street #1F,10003,2150,2.0,4.0,1,1795000
310 East 23rd Street #12D,10010,744,1.0,1.0,1,599000
235 East 22nd ,10010,820,1.0,1.0,1,665000
235 East 22nd #3H,10010,900,1.0,1.0,1,730000
235 East 22nd Street #6O,10010,800,1.0,1.0,1,649000
235 East 22nd Street #2A,10010,1200,2.0,2.0,1,975000
235 East 22nd Street #14K,10010,800,1.0,1.0,1,650000
235 East 22nd Street #8L,10010,975,1.0,1.0,1,795000
235 East 22nd Street #12Q,10010,500,0.0,1.0,1,409000
206 East 20th Street ,10003,3300,,0.0,1,2700000
130 East 17th Street #4B,10003,400,,1.0,1,329000
39A Gramercy Park North #4A,10010,400,0.0,1.0,1,330000
235 East 22nd Street #15O,10010,725,1.0,1.0,1,599000
200 East 16th Street #2F,10003,550,0.0,1.0,1,455000
105 East 16th Street #3N,10003,1650,2.0,1.0,1,1375000
200 East 16th Street #2L,10003,750,1.0,1.0,1,625000
235 East 22nd Street #7H,10010,950,1.0,1.0,1,795000
235 East 22nd #5B,10010,500,,1.0,1,420000
379 First Avenue #4,10010,600,1.0,1.0,1,475000
235 East 22nd Street #13O,10010,800,1.0,1.0,1,675000
235 East 22nd Street #14Q,10010,550,0.0,1.0,1,465000
310 East 23rd Street #8J,10010,590,1.0,1.0,1,499000
235 East 22nd Street ,10010,400,,1.0,1,339000
26 Gramercy Park South #2C,10003,500,1.0,1.0,1,425000
312 East 22nd Street #4A,10010,1104,1.0,1.0,1,895000
200 East 16th Street #7K,10003,700,1.0,1.0,1,597000
200 East 16th Street #16K,10003,700,1.0,1.0,1,599000
200 East 16th Street #3F,10003,500,0.0,1.0,1,429000
200 East 16th Street #3M,10003,500,,1.0,1,429000
200 East 16th Street #7L,10003,775,1.0,1.0,1,665000
137 E. 18th Street ,10003,2960,5.0,0.0,1,3150000
295 Third Avenue #2B,10010,600,1.0,1.0,1,600000
112 East 19th Street #3R,10003,1950,2.0,2.0,1,1695000
242 East 19th Street #4D,10003,850,1.0,1.0,1,739000
242 East 19th Street #14E,10003,850,1.0,1.0,1,739000
310 East 23rd Street #3D,10010,1150,2.0,2.0,1,999999
205 East 16th Street ,10003,2239,2.0,4.0,1,1950000
235 East 22nd #6L,10010,975,1.0,1.0,1,850000
112 East 19th Street #4R,10003,1950,3.0,2.0,1,1700000
81 Irving Place #10F,10003,400,0.0,1.0,1,350000
200 East 16th Street #3AB,10003,1250,2.0,2.0,1,1100000
206 E. 20th Street ,10003,3400,5.0,0.0,1,3000000
200 East 16th Street #2H,10003,775,1.0,1.0,1,685000
305 Second Avenue #707,10003,993,1.0,1.0,1,975000
60 Gramercy Park North #3F,10010,900,1.0,1.0,1,799000
200 East 16th Street #4C,10003,450,0.0,1.0,1,400000
130 East 17th Street #2B,10003,700,1.0,1.0,1,625000
200 East 16th Street #5K,10003,700,1.0,1.0,1,625000
133 East 15th Street #3D,10003,700,1.0,1.0,1,625000
200 East 16th Street #4K,10003,700,1.0,1.0,1,625000
200 East 16th Street #13M,10003,500,0.0,1.0,1,449000
26 Gramercy Park South #5H,10003,500,1.0,1.0,1,449000
126 East 16th Street #1A,10003,1000,1.0,2.0,1,899000
200 East 16th Street #5F,10003,550,0.0,1.0,1,495000
242 East 19th Street #4E,10003,750,1.0,1.0,1,675000
200 East 16th Street #7F,10003,500,0.0,1.0,1,450000
200 East 16th Street #14K,10003,700,1.0,1.0,1,630000
200 East 16th Street #5H,10003,750,1.0,1.0,1,675000
295 Third Avenue #2B,10010,691,1.0,1.0,1,625000
105 East 16th Street #4S,10003,1650,2.0,2.0,1,1495000
318 Second Avenue #PH5,10003,1100,2.0,1.0,1,999000
205 East 16th Street #4D,10003,2195,3.0,3.0,1,1995000
235 East 22nd Street #6F,10010,950,1.0,1.0,1,865000
60 Gramercy Park North #3CD,10010,1964,4.0,2.0,1,1795000
318 Second Avenue #1-2,10003,2400,3.0,3.0,1,2195000
235 East 22nd Street #10T,10010,820,1.0,1.0,1,750000
235 East 22nd Street #12S,10010,750,1.0,1.0,1,689000
302 East 19th Street #1A,10003,579,1.0,1.0,1,649000
347 East 19th Street TOWNHOUSE,10003,4000,7.0,4.0,1,3690000
105 East 15th Street #83,10003,818,1.0,2.0,1,755000
235 East 22nd Street #4G,10010,1000,1.0,1.0,1,925000
200 East 16th Street #4H,10003,750,1.0,1.0,1,695000
240-42 East 15th Street #1,10003,1625,3.0,2.0,1,1506250
237 East 17th Street #210,10003,700,1.0,1.0,1,649000
130 East 17th Street #2A,10003,625,1.0,1.0,1,580000
205 East 16th Street #3D,10003,1614,2.0,2.0,1,1500000
222 E 17th Street #1,10003,1500,3.0,2.0,1,1395000
200 East 16th Street #9D,10003,740,1.0,1.0,1,689000
200 East 16th Street #16L,10003,750,1.0,1.0,1,699000
200 East 16th Street #7L,10003,750,1.0,1.0,1,699000
205 East 16th Street #6B,10003,1766,1.0,2.0,1,1650000
128 East 16th Street #3A,10010,1600,2.0,2.0,1,1495000
205 East 22nd Street #5H,10010,855,1.0,1.0,1,800000
205 East 22nd Street #5H,10010,855,1.0,1.0,1,800000
102 East 22nd Street #3D,10010,625,1.0,1.0,1,585000
235 East 22nd Street #10K,10010,800,1.0,1.0,1,749000
131 East 15th Street #5N,10003,800,2.0,2.0,1,749000
336 E. 19th Street ,10003,4000,,,1,3750000
200 E 16th Street #16F,10003,500,0.0,1.0,1,470000
242 East 19th Street #7B,10003,1250,2.0,1.0,1,1175000
310 East 23rd Street #2A,10010,950,2.0,1.0,1,895000
81 Irving Place ,10003,525,,1.0,1,495000
60 Gramercy Park North #7F,10010,900,1.0,1.0,1,849000
235 East 22nd Street #14H,10010,900,1.0,1.0,1,849900
205 East 16th Street #2D,10003,2111,3.0,2.0,1,1995000
295 Third Avenue #3B,10010,600,1.0,1.0,1,645000
200 East 16th Street #6L,10003,775,1.0,1.0,1,735000
235 East 22nd Street #10K,10010,800,1.0,1.0,1,759000
200 East 16th Street #16F,10003,500,0.0,1.0,1,475000
26 Gramercy Park South #5F,10003,500,1.0,1.0,1,475000
312 East 22nd Street #3B,10010,891,1.0,2.0,1,850000
235 East 22nd Street #16J,10010,1300,2.0,2.0,1,1245000
102 East 22nd Street #4F,10010,600,1.0,1.0,1,575000
132 East 19th Street #6F,10003,1200,2.0,1.0,1,1150000
200 East 16th Street #8DE,10003,1200,2.0,2.0,1,1150000
237 East 17th Street #220,10003,700,1.0,1.0,1,675000
295 Third Avenue #3A,10010,776,2.0,1.0,1,749000
235 East 22nd Street #12S,10010,750,1.0,1.0,1,725000
235 East 22nd Street #6T,10010,750,1.0,1.0,1,725000
45 Gramercy Park North ,10010,800,1.0,1.0,1,775000
105 East 19th Street #5D,10003,950,1.0,2.0,1,925000
224 East 17th Street #4F,10003,543,0.0,1.0,1,529000
205 East 16th Street #3E,10003,988,1.0,1.0,1,968240
240-42 East 15th Street #8,10003,559,1.0,1.0,1,549000
205 East 16th Street #1D,10003,2536,4.0,3.0,1,2495000
102 East 22nd Street #5I,10010,700,1.0,1.0,1,689000
347 E. 19th Street ,10003,4000,,,1,3950000
158 East 22nd Street #1,10010,900,1.0,1.0,1,890000
200 East 16th Street #16F,10003,500,,1.0,1,495000
318 Second Avenue #4,10003,1100,2.0,1.0,1,1090000
235 East 22nd Street #15L,10010,1000,1.0,1.0,1,995000
200 East 16th Street #7EM,10003,1100,2.0,2.0,1,1095000
132 East 19th Street #F,10003,1200,2.0,1.0,1,1195000
31 Gramercy Park South #A,10003,300,0.0,1.0,1,299000
205 East 22nd Street #1F,10010,1388,2.0,2.0,1,1795000
137 East 15th Street #GRDN,10003,1800,2.0,2.0,1,1795000
117 East 18th Street #45,10003,2200,3.0,2.0,1,2195000
235 East 22nd Street #7N,10010,450,0.0,1.0,1,449000
235 East 22nd Street #5IJ,10010,2400,4.0,3.0,1,2395000
200 East 16th Street #9K,10003,700,1.0,1.0,1,699000
26 Gramercy Park South #7F,10003,1000,2.0,2.0,1,999000
237 East 17th #210,10003,700,1.0,1.0,1,699900
44 Gramercy Park North #7D,10010,850,1.0,1.0,1,850000
200 East 16th Street #12M,10003,535,0.0,1.0,1,535000
310 East 23rd Street #9D,10010,550,0.0,1.0,1,550000
60 Gramercy Park North #9K,10010,1100,2.0,1.0,1,1100000
200 East 16th Street #10F,10003,500,0.0,1.0,1,500000
242 East 19th Street #12F,10003,1250,2.0,1.0,1,1250000
295 Third Avenue #2A,10010,600,1.0,1.0,1,775000
133 East 15th Street #3D,10003,700,1.0,1.0,1,705000
305 Second Avenue #510,10003,862,1.0,1.0,1,1195000
205 East 16th Street ,10003,1279,,1.0,1,895000
48 Gramercy Park North #1A,10010,420,0.0,1.0,1,429000
105 East 16th Street #3N,10003,1850,2.0,2.0,1,1900000
105 E 15th Street #23,10003,550,1.0,1.0,1,565000
237 East 17th Street #210,10003,700,1.0,1.0,1,720000
242 East 19th Street #2D,10003,850,1.0,1.0,1,875000
305 Second Avenue #330,10003,619,0.0,1.0,1,640000
200 East 16th Street #8C,10003,500,0.0,1.0,1,519000
205 East 22nd Street #2G,10010,866,1.0,1.0,1,900000
210 East 17th Street #5B,10003,600,2.0,1.0,1,625000
318 2nd Avenue #4,10003,1100,2.0,1.0,1,1150000
102 East 22nd Street #7AB,10010,1050,2.0,2.0,1,1100000
102 East 22nd Street #7AB,10010,1050,2.0,2.0,1,1100000
26 Gramercy Park South #8G,10003,500,1.0,1.0,1,525000
205 East 16th Street #4F,10003,1120,1.0,2.0,1,1176000
317 East 18th Street #2E,10003,300,0.0,1.0,1,315000
205 East 16th Street ,10003,911,1.0,1.0,1,956550
60 Gramercy Park North #12L,10010,870,1.0,1.0,1,915000
205 East 22nd Street #PHJ,10010,1520,2.0,2.0,1,1600000
134 East 16th Street #3,10003,650,1.0,1.0,1,685000
112 East 19th Street #5F,10003,1800,2.0,2.0,1,1899000
44 Gramercy Park North #3D,10010,900,1.0,1.0,1,950000
242 East 19th Street #8DE,10003,1700,3.0,2.0,1,1795000
102 East 22nd Street #9H,10010,838,2.0,1.0,1,885000
44 Gramercy Park North #1C,10010,875,1.0,1.0,1,925000
130 East 19th Street - Apt: 3 ,10003,1200,2.0,2.0,1,1270000
205 East 16th Street ,10003,1322,1.0,1.0,1,1400000
126 East 16th Street #3B,10003,1600,2.0,2.0,1,1695000
242 East 19th Street #10A,10003,1250,2.0,2.0,1,1325000
131 East 15th Street #4C,10003,466,1.0,1.0,1,495000
242 East 19th Street #15H,10003,800,1.0,1.0,1,850000
200 East 16th Street #18E,10003,800,1.0,1.0,1,850000
105 East 16th Street #8FLR,10003,4000,5.0,4.0,1,4250000
222 East 18th Street ,10003,4940,,0.0,1,5250000
312 East 22nd Street #1A,10010,658,1.0,1.0,1,699500
240 East 15th Street #2,10003,730,1.0,1.0,1,779000
207 East 21st Street #6F,10010,725,1.0,1.0,1,775000
207 East 21st Street #PH6F,10010,725,2.0,1.0,1,775000
81 Irving Place ,10003,500,0.0,1.0,1,535000
151 East 20th Street ,10010,326,,1.0,1,379000
305 Second Avenue #710,10003,872,1.0,1.0,1,1095000
Gramercy Area ,10003,1778,3.0,2.0,1,1995000
200 East 16th Street #9G,10003,500,0.0,1.0,1,545000
224 East 17th Street #5R,10003,475,0.0,1.0,1,520000
45 Gramercy Park #2C,10010,800,1.0,1.0,1,879000
26 Gramercy Park South ,10003,48234,1.0,1.0,1,550000
305 Second Avenue #308,10003,1322,1.0,2.0,1,1500000
207 East 21st Street #PH6F,10010,725,2.0,1.0,1,799000
310 East 18th Street ,10003,5048,4.0,4.0,1,5650000
235 East 22nd Street #9J,10010,1350,2.0,2.0,1,1500000
131 East 15th Street #3C,10003,450,1.0,1.0,1,500000
60 Gramercy Park North #17G,10010,800,1.0,1.0,1,889000
305 Second Avenue #324,10003,1223,1.0,2.0,1,1595000
305 Second Avenue #522,10003,910,1.0,2.0,1,1475000
205 East 16th Street #2C,10003,1787,2.0,2.0,1,1995000
130 East 17th Street #3A,10003,600,1.0,1.0,1,670000
305 Second Avenue #310,10003,884,1.0,1.0,1,1095000
353 East 19th Street ,10003,4000,,,1,4495000
102 E 22nd Street #4F,10010,600,1.0,1.0,1,675000
305 Second Avenue #340,10003,1275,1.0,1.0,1,1200000
295 Third Avenue #3B,10010,600,0.0,1.0,1,775000
210 East 21st Street #4C,10010,350,0.0,1.0,1,399000
112 East 19th Street 7R ,10003,1950,3.0,2.0,1,2225000
81 Irving Place #11D,10003,700,1.0,1.0,1,799000
81 Irving Place #9H,10003,525,0.0,1.0,1,600000
200 East 16th Street #11L,10003,1000,2.0,1.0,1,1145000
305 Second Avenue #503,10003,702,1.0,1.0,1,1195000
305 Second Avenue #528,10003,1642,3.0,2.0,1,1899000
305 Second Avenue #528,10003,1252,3.0,2.0,1,1899000
236 East 19th Street ,10003,3880,5.0,3.0,1,4995000
256 Third Avenue #HOUSE,10010,4729,,,1,5500000
112 East 19th Street #3F,10003,1800,2.0,2.0,1,2095000
305 Second Avenue #711,10003,1124,1.0,2.0,1,1450000
102 East 22nd Street #6D,10010,510,1.0,1.0,1,595000
305 Second Avenue #307,10003,1276,1.0,2.0,1,1495000
60 Gramercy Park North #8F,10010,850,1.0,1.0,1,999000
44 Gramercy Park North #3D,10010,900,1.0,1.0,1,1059000
305 Second Avenue #520,10003,843,1.0,1.0,1,1450000
126 East 16th Street #3A,10003,1600,2.0,2.0,1,1895000
205 East 22nd Street #3B,10010,900,1.0,1.0,1,950000
305 Second Avenue #528,10003,1642,3.0,2.0,1,1950000
60 Gramercy Park North #5LM,10010,1850,3.0,2.0,1,2200000
81 Irving Place #9H,10003,525,0.0,1.0,1,625000
143 East 18th Street ,10003,4192,5.0,3.0,1,5000000
112 East 19th Street #3F,10003,1800,3.0,2.0,1,2150000
112 East 19th Street #6F,10003,1800,3.0,1.0,1,2150000
224 East 17th Street #4F,10003,543,0.0,1.0,1,650000
205 East 16th Street #2D,10003,2111,3.0,2.0,1,2535000
34 Gramercy Park East #MBF,10003,1150,1.0,1.0,1,1385000
302 East 19th Street #3B,10003,665,1.0,2.0,1,849000
205 East 16th Street #6E,10003,879,1.0,1.0,1,1070000
60 Gramercy Park North #4F,10010,800,1.0,1.0,1,975000
305 Second Avenue #502,10003,851,1.0,1.0,1,1095000
44 Gramercy Park North #8D,10010,950,1.0,1.0,1,1160000
312 East 18th Street ,10003,2800,,,1,4295000
312 East 22nd Street #2B,10010,1540,2.0,2.0,1,1890000
205 East 22nd Street #6H,10010,855,1.0,1.0,1,1050000
81 Irving Place #8D,10003,650,1.0,1.0,1,799000
151 East 20th Street #5E,10010,315,0.0,1.0,1,399900
305 Second Avenue #320,10003,1174,1.0,2.0,1,1450000
112 East 19th Street #5F,10003,1800,2.0,2.0,1,2225000
148 East 19th Street #2D,10003,414,0.0,1.0,1,514500
205 East 16th Street #4F,10003,1120,2.0,2.0,1,1395000
60 Gramercy Park North #5CD,10010,2000,4.0,2.0,1,2495000
151 East 20th Street #2E,10003,400,0.0,1.0,1,499000
205 East 16th Street ,10003,1708,2.0,2.0,1,1800000
81 Irving Place #2ABH,10003,1600,3.0,3.0,1,1999000
45 Gramercy Park North #34D,10010,1600,3.0,2.0,1,2000000
316 East 22nd Street #PH1,10010,1777,2.0,2.0,1,2225000
205 East 16th Street #5P,10003,2026,2.0,2.0,1,2550000
316 East 22nd Street #4,10010,2415,3.0,2.0,1,3050000
305 Second Avenue #312,10003,1322,1.0,2.0,1,1525000
81 Irving Place #6B,10003,650,1.0,1.0,1,825000
81 Irving Place #6B,10003,650,1.0,1.0,1,825000
305 Second Avenue #532,10003,1560,3.0,2.0,1,1995000
305 Second Avenue #532,10003,1087,3.0,2.0,1,1995000
117 East 18th Street #2,10003,1617,3.0,2.0,1,2399000
305 Second Avenue #723,10003,906,2.0,1.0,1,1495000
112 East 19th Street #8F,10003,1950,2.0,2.0,1,2500000
222 East 18th Street ,10003,4940,10.0,0.0,1,6350000
305 Second Avenue #306,10003,1238,1.0,2.0,1,1595000
305 Second Avenue #302,10003,1176,1.0,2.0,1,1525000
316 East 22nd Street #5,10010,2415,3.0,2.0,1,3125000
148 East 19th Street #2A,10003,587,1.0,1.0,1,761250
305 Second Avenue #722,10003,1110,2.0,2.0,1,1795000
205 East 22nd Street #1C,10010,1416,2.0,1.0,1,1850000
105 East 15th #78,10003,250,0.0,1.0,1,325000
148 East 19th Street #2C,10003,561,1.0,1.0,1,729750
200 East 16th Street #17E,10003,690,1.0,1.0,1,899000
105 East 16th Street #PH,10003,1300,1.0,1.0,1,1695000
305 Second Avenue #703,10003,717,1.0,1.0,1,1350000
305 Second Avenue #504,10003,1105,1.0,1.0,1,1450000
105 East 16th Street #5,10003,4000,3.0,2.0,1,5250000
305 Second Avenue #345,10003,1308,2.0,1.0,1,1650000
305 Second Avenue #332,10003,859,1.0,1.0,1,1250000
305 Second Avenue #511,10003,1089,1.0,2.0,1,1595000
310 East 15th Street #3B,10003,2081,3.0,3.0,1,2750000
205 East 22nd Street #4EF,10010,1797,2.0,2.0,1,2395000
305 Second Avenue #508,10003,618,1.0,1.0,1,1150000
305 Second Avenue #530,10003,810,2.0,1.0,1,1450000
305 Second Avenue #728,10003,721,1.0,1.0,1,1350000
305 Second Avenue #716,10003,1625,2.0,2.0,1,2195000
205 East 16th Street #3F,10003,1441,2.0,2.0,1,1949000
305 Second Avenue #517,10003,1071,1.0,1.0,1,1450000
148 East 19th Street #2B,10003,340,0.0,1.0,1,462000
305 Second Avenue #519,10003,1162,1.0,2.0,1,1750000
316 East 22nd Street #PH2,10010,1782,2.0,2.0,1,2450000
305 Second Avenue #326,10003,1157,1.0,1.0,1,1250000
81 Irving Place #3B,10003,650,1.0,1.0,1,895000
305 Second Avenue #534,10003,829,2.0,1.0,1,1495000
60 East Gramercy Park North #9LM,10010,1850,3.0,2.0,1,2590000
305 Second Avenue #339,10003,1359,2.0,2.0,1,2050000
305 Second Avenue #334,10003,1002,1.0,1.0,1,1255000
143 E. 18th Street ,10003,4200,,,1,5900000
148 East 19th Street #4B,10003,1009,2.0,2.0,1,1417500
205 East 16th Street #4F,10003,1120,2.0,2.0,1,1575000
305 Second Avenue #538,10003,585,1.0,1.0,1,1175000
305 Second Avenue #713,10003,1455,2.0,2.0,1,1995000
148 East 19th Street #4A,10003,781,1.0,1.0,1,1102500
205 East 22nd Street #4J,10010,776,1.0,1.0,1,1100000
305 Second Avenue #531,10003,852,2.0,1.0,1,1695000
148 East 19th Street #5A,10003,903,1.0,1.0,1,1286250
305 Second Avenue #515,10003,1424,2.0,2.0,1,2795000
312 East 22nd Street #PHB,10010,1679,3.0,3.0,1,2395000
305 Second Avenue #701,10003,1179,2.0,2.0,1,1795000
305 Second Avenue #311,10003,1108,1.0,1.0,1,1350000
141 East 18th Street ,10003,4200,5.0,4.0,1,6000000
305 Second Avenue #724,10003,958,2.0,2.0,1,1750000
60 Gramercy Park North #1011K,10010,1600,3.0,3.0,1,2295000
305 Second Avenue #727,10003,667,1.0,1.0,1,1325000
148 East 19th Street #6A,10003,903,1.0,1.0,1,1317750
305 Second Avenue #720,10003,908,2.0,1.0,1,1695000
148 East 19th Street #5B,10003,1029,2.0,2.0,1,1506750
305 Second Avenue #507,10003,1154,2.0,1.0,1,1695000
305 Second Avenue #535,10003,601,1.0,1.0,1,1395000
295 Third Avenue #3A,10010,600,2.0,1.0,1,889000
148 East 19th Street #4B,10003,1009,2.0,2.0,1,1500000
305 Second Avenue #725,10003,924,2.0,2.0,1,1675000
305 Second Avenue #306,10003,876,1.0,1.0,1,1850000
205 East 16th Street #6B,10003,1622,1.5,2.0,1,1799000
305 Second Avenue #317,10003,1578,2.0,2.0,1,1995000
148 East 19th Street #3D,10003,414,0.0,1.0,1,628950
148 East 19th Street #3A,10003,587,1.0,1.0,1,892500
205 East 16th Street #5A,10003,2129,2.0,2.0,1,3250000
305 2nd Avenue #529,10003,1110,2.0,2.0,1,1695000
305 Second Avenue #344,10003,1109,2.0,1.0,1,1695000
305 Second Avenue #318,10003,1439,2.0,2.0,1,2895000
305 Second Avenue #314,10003,1809,3.0,2.0,1,2795000
7 Gramercy Park West,10003,1005,2.0,2.0,1,1700000
316 East 22nd Street #PH1,10010,1777,2.0,2.0,1,2800000
305 Second Avenue #526,10003,1074,2.0,1.0,1,1695000
305 Second Avenue #346,10003,1043,1.0,1.0,1,1650000
305 Second Avenue #304,10003,1329,2.0,2.0,1,1995000
148 East 19th Street #3C,10003,561,1.0,1.0,1,892500
141 East 19th Street ,10003,5009,5.0,3.0,1,7995000
148 East 19th Street #3B,10003,340,0.0,1.0,1,551250
305 Second Avenue #343,10003,1327,2.0,1.0,1,1850000
139 East 19th Street #HOUSE,10003,4876,,,1,13000000
148 East 19th Street #5B,10003,1029,2.0,2.0,1,1695000
148 East 19th Street #PHB,10003,1409,3.0,3.0,1,2350000
148 East 19th Street #PHA,10003,1283,2.0,2.0,1,2150000
60 Gramercy Park North #2B,10010,1400,2.0,2.0,1,2350000
45 Gramercy Park North #14B,10010,2300,3.0,2.0,1,3975000
137 East 18th Street TOWNHOUSE,10003,2960,5.0,5.0,1,7495000
24 Gramercy Park South #12E,10003,2000,3.0,3.0,1,3495000
136 East 19th Street #GARDEN/W,10003,2569,4.0,2.0,1,4500000
60 Gramercy Park North #12B,10010,1600,3.0,2.0,1,2850000
24 Gramercy Park #1011S,10003,1400,2.0,2.0,1,2500000
148 East 19th Street #3B,10003,340,0.0,1.0,1,665000
50 Gramercy Park North ,10010,1848,2.0,2.0,1,3900000
45 Gramercy Park North #7A,10010,1500,2.0,2.0,1,3200000
81 Irving Place #34G,10003,1300,2.0,2.0,1,2800000
36 Gramercy Park E #9S,10003,2227,3.0,2.0,1,4850000
50 Gramercy Park North #5A,10010,2150,3.0,3.0,1,4750000
50 Gramercy Park North #6A,10010,2150,3.0,3.0,1,4850000
23 Gramercy Park South #HOUSE,10003,8812,12.0,8.0,1,20000000
1 Gramercy Park West ,10003,650,1.0,1.0,1,1500000
50 Gramercy Park North #16A,10010,2988,3.0,3.0,1,6900000
50 Gramercy Park North #3A,10010,2151,3.0,3.0,1,5450000
60 Gramercy Park North #14A,10010,1900,3.0,2.0,1,4950000
36 Gramercy Park East #12N,10003,1288,2.0,2.0,1,3367000
18 Gramercy Park South MAISONETTE,10003,3746,2.0,3.0,1,9800000
36 Gramercy Park E #4SW,10003,2164,3.0,3.0,1,5895000
22 Gramercy Park South #PH,10003,3620,3.0,5.0,1,9995000
50 Gramercy Park North ,10010,3810,3.0,2.0,1,11000000
36 Gramercy Park E #3N,10003,1277,2.0,2.0,1,3831000
36 Gramercy Park E #8N,10003,1905,3.0,3.0,1,5715000
36 Gramercy Park E #8N,10003,1905,3.0,3.0,1,5715000
50 Gramercy Park North #9B,10010,2873,3.0,3.0,1,8700000
201 East 15th Street #3J,10003,500,0.0,1.0,0,225000
205 Third Avenue #8R,10003,675,0.0,1.0,0,339000
4 Lexington Avenue ,10010,725,,1.0,0,399000
142 East 16th Street #8G,10003,600,0.0,1.0,0,360000
205 3rd Avenue #15L,10003,600,0.0,1.0,0,369000
142 East 16th Street #3F,10003,600,0.0,1.0,0,375000
201 East 21st Street #18H,10010,603,1.0,1.0,0,379000
4 Lexington Avenue #1A,10010,600,1.0,2.0,0,379000
142 East 16th Street #4C,10003,600,0.0,1.0,0,379000
205 Third Avenue #18P,10003,625,0.0,1.0,0,395000
301 East 22nd Street #7C,10010,450,,1.0,0,299000
205 Third Avenue #4V,10003,600,0.0,1.0,0,399000
1 Irving Place #U8L,10003,822,1.0,1.0,0,550000
142 East 16th Street #7D,10003,850,1.0,1.0,0,580000
205 Third Avenue #17A,10003,622,0.0,1.0,0,425000
201 East 21st Street #1G,10010,850,1.0,1.0,0,585000
142 East 16th Street #11D,10003,850,1.0,1.0,0,585000
205 Third Avenue #10E,10003,650,0.0,1.0,0,450000
205 Third Avenue #10E,10003,650,0.0,1.0,0,450000
205 Third Avenue #6A,10003,622,0.0,1.0,0,435000
142 East 16th Street #16A,10003,975,1.0,1.0,0,685000
39 Gramercy Park North #10F,10010,850,1.0,1.0,0,599000
142 E 16th Street #6F,10003,622,0.0,1.0,0,439000
205 Third Avenue #1E,10003,750,1.0,1.0,0,530000
205 Third Avenue #12G,10003,600,0.0,1.0,0,425000
142 East 16th Street #11G,10003,600,0.0,1.0,0,425000
205 Third Avenue #2P,10003,600,0.0,1.0,0,425000
39 Gramercy Park North #2A,10010,725,1.0,1.0,0,515000
301 East 22nd Street #7R,10010,725,1.0,1.0,0,515000
142 East 16th Street #16C,10003,600,0.0,1.0,0,429000
301 East 22nd Street #3B,10010,425,,1.0,0,304000
205 Third Avenue #9V,10003,625,0.0,1.0,0,447500
201 East 21st Street #5A,10010,800,1.0,1.0,0,575000
211 East 18th Street #2J,10003,750,1.0,1.0,0,540000
230 East 15th Street #7F,10003,415,0.0,1.0,0,299000
201 East 21st Street #5G,10010,609,0.0,1.0,0,439000
145 East 15th Street #5C,10003,550,0.0,1.0,0,397000
230 East 15th Street #9L,10003,550,0.0,1.0,0,398500
22 Irving Place #1E,10003,550,0.0,1.0,0,399000
301 East 22nd Street #9J,10010,820,1.0,1.0,0,595000
205 Third Avenue #5T,10003,875,1.0,1.0,0,635000
201 East 21st Street #8H,10010,550,0.0,1.0,0,399600
4 Lexington Avenue #8K,10010,685,1.0,1.0,0,500000
201 East 21st Street #6L,10010,609,0.0,1.0,0,445000
205 Third Avenue #2E,10003,650,0.0,1.0,0,475000
142 East 16th Street #14F,10003,600,0.0,1.0,0,439000
142 East 16th Street #14F,10003,600,0.0,1.0,0,439000
301 East 22nd Street #8R,10010,750,1.0,1.0,0,549000
205 Third Avenue #17M,10003,1023,1.0,1.0,0,750000
205 Third Avenue #12A,10003,650,0.0,1.0,0,479000
205 Third Avenue #12A,10003,650,0.0,1.0,0,479000
201 East 21st Street #9P,10010,875,1.0,1.0,0,645000
301 East 22nd Street #3VW,10010,1150,2.0,2.0,0,849000
205 Third Avenue #7S,10003,1025,2.0,1.0,0,759000
201 East 21st Street #3K,10010,600,1.0,1.0,0,445000
205 Third Avenue #6P,10003,619,0.0,1.0,0,460000
205 Third Avenue #7D,10003,750,0.0,1.0,0,559000
205 Third Avenue #10A,10003,650,0.0,1.0,0,484900
145 East 15th Street #6R,10003,750,1.0,1.0,0,560000
201 East 21st Street #4A,10010,800,1.0,1.0,0,599000
205 Third Avenue #7A,10003,650,0.0,1.0,0,487000
201 East 21st Street #9G,10010,600,1.0,1.0,0,449999
205 Third Avenue #1E,10003,700,1.0,1.0,0,525000
4 Lexington Avenue #3H,10010,700,1.0,1.0,0,525000
201 East 21st Street #15G,10010,500,0.0,1.0,0,375000
211 East 18th Street #2L,10003,685,1.0,1.0,0,515000
211 East 18th Street #LA,10003,770,1.0,1.0,0,579000
205 Third Avenue #4A,10003,650,0.0,1.0,0,489000
157 East 18th Street #5J,10003,750,1.0,1.0,0,565000
145 East 15th Street #1T,10003,750,1.0,1.0,0,569000
205 Third Avenue #4D,10003,750,0.0,1.0,0,569000
205 Third Avenue #6P,10003,619,0.0,1.0,0,470000
201 East 15th Street #6A,10003,710,1.0,1.0,0,540000
201 East 21st Street #8L,10010,650,1.0,1.0,0,495000
201 East 21st Street #12D,10010,800,1.0,1.0,0,610000
201 East 21st Street #4F,10010,800,1.0,1.0,0,610000
201 East 21st Street #10E,10010,850,1.0,1.0,0,649000
145 East 15th Street #8E,10003,600,1.0,1.0,0,459000
210 East 15th Street #2G,10003,575,0.0,1.0,0,440000
301 East 22nd Street #4P,10010,750,1.0,1.0,0,575000
201 East 15th Street #5C,10003,750,1.0,1.0,0,575000
205 Third Avenue #9A,10003,650,0.5,1.0,0,499000
230 East 15th Street #6A,10003,560,0.0,1.0,0,430000
145 East 15th Street #6F,10003,800,1.0,1.0,0,615000
201 East 21st Street #3R,10010,875,1.0,1.0,0,675000
145 East 15th Street #4G,10003,725,1.0,1.0,0,560000
210 East 15th Street #4M,10003,550,1.0,1.0,0,425000
145 East 15th Street #11R,10003,775,1.0,1.0,0,599000
142 East 16th Street #11C,10003,600,0.0,1.0,0,465000
82 Irving Place ,10003,900,1.0,1.0,0,699000
201 East 21st Street #19C,10010,900,1.0,1.0,0,699000
201 East 21st Street #8J,10010,650,1.0,1.0,0,505000
201 East 21st Street #12E,10010,840,1.0,1.0,0,655000
142 East 16th Street #2G,10003,600,1.0,1.0,0,468000
205 Third Avenue #16L,10003,556,0.0,1.0,0,435000
301 East 22nd Street #6L,10010,625,1.0,1.0,0,489000
230 East 15th Street #3K,10003,415,0.0,1.0,0,325000
211 East 18th Street #4M,10003,700,1.0,1.0,0,549000
301 East 22nd Street #9A,10010,700,1.0,1.0,0,549000
32 Gramercy Park South #15J,10003,800,1.0,1.0,0,630900
130 East 18th Street #1L,10003,525,0.0,1.0,0,415000
230 East 15th Street #1MN,10003,1200,2.0,2.0,0,949000
301 East 22nd Street #2W,10010,600,0.0,1.0,0,475000
32 Gramercy Park South #5A,10003,1200,2.0,2.0,0,950000
205 Third Avenue #4G,10003,600,0.0,1.0,0,475000
142 East 16th Street #5H,10003,915,1.0,1.0,0,725000
32 Gramercy Park South #8D,10003,700,1.0,1.0,0,555000
145 East 15th Street #1D,10003,400,0.0,1.0,0,319000
32 Gramercy Park South #4K,10003,500,0.0,1.0,0,399000
145 East 15th Street #9B,10003,550,0.0,1.0,0,439000
142 East 16th Street ,10003,600,0.0,1.0,0,479000
142 East 16th Street ,10003,600,,1.0,0,479000
201 East 21st Street #11L,10010,600,1.0,1.0,0,479000
205 Third Avenue #2A,10003,650,0.0,1.0,0,519000
211 East 18th Street #4J,10003,700,1.0,1.0,0,559000
201 East 21st Street #9D,10010,750,1.0,1.0,0,599000
145 East 15th Street #9M,10003,750,1.0,1.0,0,599000
301 East 22nd Street #8M,10010,400,0.0,1.0,0,319500
201 East 21st Street #10B,10010,875,2.0,1.0,0,699000
210 East 15th Street #4J,10003,450,0.0,1.0,0,360000
205 Third Avenue #11E,10003,650,0.0,1.0,0,520000
301 East 22nd Street #10V,10010,625,1.0,1.0,0,500000
145 East 15th Street #4K,10003,450,0.0,1.0,0,360000
205 Third Avenue #17M2,10003,1023,2.0,1.0,0,825000
301 East 22nd Street #12N,10010,775,1.0,1.0,0,625000
211 East 18th Street #6J,10003,725,1.0,1.0,0,585000
211 East 18th Street #6E,10003,700,1.0,1.0,0,565000
211 East 18th Street #4F,10003,675,1.0,1.0,0,545000
201 East 21st Street #9J,10010,650,1.0,1.0,0,525000
205 Third Avenue #2G,10003,600,0.0,1.0,0,485000
301 East 22nd Street #8H,10010,600,0.0,1.0,0,485000
130 East 18th Street #3L,10003,525,0.0,1.0,0,425000
145 East 15th Street #9C,10003,525,,1.0,0,425000
4 Lexington Avenue #9G,10010,800,1.0,1.0,0,649000
301 East 22nd Street #4N,10010,600,1.0,1.0,0,487000
82 Irving Place #4C,10003,800,1.0,1.0,0,650000
301 East 22nd Street #15G,10010,400,,1.0,0,325000
211 East 18th Street #5J,10003,675,1.0,1.0,0,549000
211 East 18th Street #2P,10003,675,1.0,1.0,0,549000
230 East 15th Street #6B,10003,575,0.0,1.0,0,469000
142 East 16th Street #7E,10003,850,1.0,1.0,0,695000
205 Third Avenue #4J,10003,670,1.0,1.0,0,549000
301 East 22nd Street #3K,10010,750,1.0,1.0,0,615000
301 East 22nd Street #7C,10010,450,0.0,1.0,0,369000
145 East 15th Street #8F,10003,730,1.0,1.0,0,599000
205 Third Avenue #1D,10003,700,1.0,1.0,0,575000
205 Third Avenue #8F,10003,700,1.0,1.0,0,575000
211 East 18th Street #6K,10003,700,1.0,1.0,0,575000
205 Third Avenue #6A,10003,650,0.0,1.0,0,534000
201 East 21st Street #11P,10010,850,1.0,1.0,0,699000
201 East 21st Street #3R,10010,850,1.0,1.0,0,699000
4 Lexington Avenue #3G,10010,400,0.0,1.0,0,329000
205 Third Avenue #2U,10003,650,0.0,1.0,0,535000
230 East 15th Street #5MN,10003,1275,2.0,2.0,0,1050000
205 Third Avenue #17R,10003,850,1.0,1.0,0,700000
205 Third Avenue #18D,10003,570,0.0,1.0,0,470000
145 East 15th Street #10D,10003,400,0.0,1.0,0,330000
205 Third Avenue #11V,10003,600,0.0,1.0,0,495000
301 East 22nd Street #10D,10010,1000,2.0,1.0,0,825000
201 East 15th Street #2A,10003,720,1.0,1.0,0,595000
201 East 21st Street #6A,10010,800,1.0,1.0,0,665000
201 East 21st Street #14M,10010,600,0.0,1.0,0,499000
145 East 15th Street #8E,10003,600,1.0,1.0,0,499000
142 East 16th Street #17G,10003,600,,1.0,0,499000
205 Third Avenue #3B,10003,660,0.0,1.0,0,549000
205 Third Avenue #17P,10003,619,1.0,1.0,0,515000
205 Third Avenue #11W,10003,900,1.0,1.0,0,749000
39 Gramercy Park North #3E,10010,1200,2.0,2.0,0,999000
205 Third Avenue #5K,10003,870,1.0,1.0,0,725000
145 East 15th Street #1T,10003,750,1.0,1.0,0,625000
210 East 15th Street #8P,10003,425,0.0,1.0,0,355000
142 East 16th Street #8D,10003,850,1.0,1.0,0,710000
205 Third Avenue #6C,10003,820,1.0,1.0,0,685000
211 East 18th Street #4G,10003,430,0.0,1.0,0,360000
4 Lexington Avenue #9M,10010,400,0.0,1.0,0,335000
211 East 18th Street #5O,10003,400,0.0,1.0,0,335000
301 East 22nd Street #10S,10010,650,1.0,1.0,0,545000
301 East 22nd Street #6L,10010,625,1.0,1.0,0,525000
145 East 15th Street #1G,10003,750,1.0,1.0,0,630000
205 Third Avenue #8F,10003,700,1.0,1.0,0,589000
201 East 15th Street #7H,10003,700,1.0,1.0,0,589000
205 Third Avenue #8T,10003,885,1.0,1.0,0,745000
211 East 18th Street #2D,10003,450,0.0,1.0,0,379000
230 East 15th Street #6K,10003,450,0.0,1.0,0,379000
82 Irving Place #5BC,10003,1300,2.0,2.0,0,1095000
32 Gramercy Park South #2J,10003,825,1.0,1.0,0,695000
210 E 15th Street #9G,10003,580,0.0,1.0,0,489000
210 E 15th Street #9G,10003,580,0.0,1.0,0,489000
210 E 15th Street #9G,10003,580,0.0,1.0,0,489000
145 East 15th Street #5R,10003,740,1.0,1.0,0,625000
201 East 21st Street #8J,10010,650,1.0,1.0,0,549000
4 Lexington Avenue #12KLM,10010,1300,3.0,3.0,0,1099000
205 Third Avenue #16J,10003,650,1.0,1.0,0,550000
301 East 22nd Street #8N,10010,650,1.0,1.0,0,550000
39 Gramercy Park North #8F,10010,850,1.0,1.0,0,720000
205 Third Avenue #12T,10003,885,1.0,1.0,0,750000
301 East 22nd Street #8M,10010,400,0.0,1.0,0,339000
205 Third Avenue #3V,10003,624,0.0,1.0,0,529000
230 East 15th Street #9A,10003,600,0.0,1.0,0,509000
210 East 15th Street #9M,10003,600,1.0,1.0,0,510000
230 East 15th Street #6L,10003,500,1.0,1.0,0,425000
205 Third Avenue #4T,10003,875,1.0,1.0,0,745000
39 Gramercy Park North #8F,10010,850,1.0,1.0,0,724000
211 East 18th Street #5V,10003,675,1.0,1.0,0,575000
211 East 18th Street #1M,10003,675,1.0,1.0,0,575000
205 Third Avenue #7C,10003,820,1.0,1.0,0,699000
145 East 15th Street #11B,10003,550,0.0,1.0,0,469000
145 East 15th Street #4B,10003,550,0.0,1.0,0,469000
205 Third Avenue #2C,10003,850,1.0,1.0,0,725000
211 East 18th Street #LA,10003,725,1.0,1.0,0,620000
145 East 15th Street #14N,10003,525,1.0,1.0,0,449000
32 Gramercy Park South #10H,10003,700,1.0,1.0,0,599000
145 East 15th Street #11M,10003,700,1.0,1.0,0,599000
205 Third Avenue #4R,10003,700,0.0,1.0,0,599000
157 East 18th Street #4J,10003,700,1.0,1.0,0,599000
201 East 21st Street #5P,10010,875,1.0,1.0,0,749000
32 Gramercy Park South #13B,10003,700,1.0,1.0,0,600000
4 Lexington Avenue #MJ,10010,640,1.0,1.0,0,549000
142 East 16th Street #3CD,10003,1600,2.0,2.0,0,1375000
301 East 22nd Street #6J,10010,800,2.0,1.0,0,689000
205 Third Avenue #12L,10003,865,1.0,1.0,0,745000
145 East 15th Street #2B,10003,528,0.0,0.0,0,455000
210 East 15th Street #8K,10003,550,1.0,1.0,0,474000
39 Gramercy Park North #3A,10010,725,1.0,1.0,0,625000
130 East 18th Street #8M,10003,520,0.0,1.0,0,449000
230 East 15th Street #7L,10003,550,0.0,1.0,0,475000
230 East 15th Street #2R,10003,450,0.0,1.0,0,389000
32 Gramercy Park South #7AB,10003,1850,4.0,3.0,0,1600000
210 East 15th Street #11N,10003,600,0.0,1.0,0,519000
210 East 15th Street #2C,10003,750,1.0,1.0,0,650000
201 East 15th Street #4C,10003,750,1.0,1.0,0,650000
210 East 15th Street #7L,10003,750,1.0,1.0,0,650000
301 East 22nd Street #17H,10010,575,0.0,1.0,0,499000
230 East 15th Street #8C,10003,575,,1.0,0,499000
230 East 15th Street #5C,10003,575,1.0,1.0,0,499000
82 Irving Place #3D,10003,800,1.0,1.0,0,695000
145 East 15th Street #9C,10003,550,0.0,1.0,0,479000
205 Third Avenue #11W,10003,900,1.0,1.0,0,784900
4 Lexington Avenue #7F,10010,400,0.0,1.0,0,349000
230 East 15th Street #11B,10003,600,0.0,1.0,0,525000
145 East 15th Street #1G,10003,650,1.0,1.0,0,569007
205 Third Avenue #8T,10003,885,1.0,1.0,0,775000
205 Third Avenue #5J,10003,625,0.0,1.0,0,549000
130 East 18th Street #12R,10003,625,1.0,1.0,0,549000
205 Third Avenue #4J,10003,670,0.0,1.0,0,589000
301 East 22nd Street #10TU,10010,1074,2.0,2.0,0,945000
210 East 15th Street #7J,10003,425,0.0,1.0,0,374000
130 East 18th Street #14ST,10003,2100,3.0,2.0,0,1850000
201 East 21st Street #7R,10010,850,2.0,1.0,0,749000
39 Gramercy Park North #7A,10011,850,1.0,1.0,0,750000
201 East 21st Street #11B,10010,850,1.0,1.0,0,750000
201 East 21st Street #8N,10010,1300,2.0,2.0,0,1149000
205 Third Avenue #16A,10003,650,0.0,1.0,0,575000
145 East 15th Street #17A,10003,650,0.0,1.0,0,575000
205 Third Avenue #4M,10003,650,0.0,1.0,0,575000
205 Third Avenue #4M,10003,650,0.0,1.0,0,575000
142 East 16th Street #3E,10003,925,1.0,1.0,0,819000
210 East 15th Street #10P,10003,450,0.0,1.0,0,399000
230 East 15th Street #9J,10003,450,0.0,1.0,0,399000
201 East 17th Street #7A,10003,710,1.0,1.0,0,630000
230 East 18th Street #1F,10003,900,1.0,1.0,0,799000
205 Third Avenue #3T,10003,900,1.0,1.0,0,799000
210 East 15th Street #7G,10003,1120,2.0,2.0,0,995000
210 East 15th Street #10G,10003,550,0.0,1.0,0,489000
230 East 15th Street #1F,10003,550,0.0,1.0,0,489000
205 Third Avenue #5T,10003,875,1.0,1.0,0,779000
205 Third Avenue #8M,10003,650,1.0,1.0,0,579000
205 Third Avenue #8M,10003,650,1.0,1.0,0,579000
142 East 16th Street ,10003,850,1.0,1.0,0,758000
145 East 15th Street #16P,10003,780,1.0,1.0,0,699000
211 East 18th Street #LA,10003,725,1.0,1.0,0,650000
205 Third Avenue #7G,10003,619,0.0,1.0,0,555000
130 East 18th Street #14J,10003,500,0.0,1.0,0,449000
142 East 16th Street #2B,10003,600,0.0,1.0,0,539000
32 Gramercy Park South #3F,10003,700,1.0,1.0,0,629000
61 Irving Place #1B,10003,801,1.0,1.0,0,720000
201 East 15th Street #7B,10003,1100,2.0,1.0,0,989000
201 East 21st Street #16H,10010,600,1.0,1.0,0,540000
22 Irving Place #4E,10003,550,1.0,1.0,0,495000
230 East 18th Street ,10003,1100,1.0,1.0,0,995000
205 Third Avenue #10V,10003,624,0.0,1.0,0,565000
205 Third Avenue #9M,10003,650,1.0,1.0,0,589000
142 East 16th Street #8C,10003,650,1.0,1.0,0,589000
32 Gramercy Park South #15J,10003,800,1.0,1.0,0,725000
201 East 21st Street #11H,10010,550,,1.0,0,499000
301 East 22nd Street #17H,10010,550,0.0,1.0,0,499000
210 East 15th Street #4G,10003,550,0.5,1.0,0,499000
32 Gramercy Park South #12J,10003,875,1.0,1.0,0,795000
145 East 15th Street #9B,10003,538,0.0,1.0,0,489000
211 East 18th Street #6C,10003,950,2.0,1.0,0,865000
211 East 18th Street #1T,10003,950,2.0,1.0,0,865000
32 Gramercy Park #12L,10003,800,1.0,1.0,0,729000
201 East 21st Street #2C,10010,850,2.0,1.0,0,775000
205 Third Avenue #5D,10003,782,0.0,1.0,0,713000
32 Gramercy Park South #4F,10003,700,1.0,1.0,0,639000
201 E. 21st Street #6F,10010,750,1.0,1.0,0,685000
211 East 18th Street #3W,10003,750,1.0,1.0,0,685000
201 East 21st Street #12L,10010,600,1.0,1.0,0,549000
130 East 18th Street #4S,10003,600,0.0,1.0,0,549000
210 East 15th Street #8M,10003,600,0.0,1.0,0,549000
32 Gramercy Park South #8H,10003,650,1.0,1.0,0,595000
130 East 18th Street #10M,10003,545,0.0,1.0,0,499000
205 Third Avenue #3T,10003,900,1.0,1.0,0,825000
142 East 16th Street #16EF,10003,1500,2.0,2.0,0,1375000
39 Gramercy Park North #8B,10010,750,1.0,1.0,0,689000
340 East 23rd Street #6D,10010,1070,2.0,2.0,0,995000
230 East 15th Street #6M,10003,760,1.0,1.0,0,699000
201 East 17th Street #20B,10003,1000,2.0,2.0,0,920000
211 East 18th Street #3N,10003,950,2.0,1.0,0,875000
130 East 18th Street #11C,10003,650,1.0,1.0,0,599000
130 East 18th Street #11G,10003,650,1.0,1.0,0,599000
201 East 17th Street #21A,10003,650,1.0,1.0,0,599000
142 East 16th Street #2G,10003,650,1.0,1.0,0,599000
145 East 15th Street #3G,10003,650,1.0,1.0,0,599000
145 East 15th Street #12DE,10003,1150,2.0,2.0,0,1060000
301 East 22nd Street #9E,10010,780,2.0,1.0,0,719000
210 East 15th Street #10P,10003,450,0.0,1.0,0,415000
230 East 15th Street #3K,10003,400,0.0,1.0,0,369000
7 Lexington Avenue #6D,10010,920,1.0,1.0,0,849000
201 East 17th Street #15D,10003,660,1.0,1.0,0,610000
201 East 17th Street #15D,10003,660,1.0,1.0,0,610000
301 East 22nd Street #6D,10010,863,2.0,1.0,0,799000
201 East 15th Street #7E,10003,1350,2.0,2.0,0,1250000
211 East 18th Street #4V,10003,675,1.0,1.0,0,625000
301 East 22nd Street #4L,10010,625,1.0,1.0,0,579000
32 Gramercy Park South #10H,10003,700,1.0,1.0,0,649000
205 Third Avenue #4C,10003,800,1.0,1.0,0,742000
205 Third Avenue #4C,10003,800,1.0,1.0,0,742000
230 East 18th Street #1C,10003,1481,2.0,2.0,0,1375000
39 Gramercy Park North #15E,10010,500,0.0,1.0,0,465000
205 Third Avenue #7B,10003,622,0.0,1.0,0,579000
142 East 16th Street #12E,10003,912,1.0,1.0,0,849000
205 Third Avenue #5H,10003,1450,2.0,2.0,0,1350000
205 Third Avenue #5H,10003,1450,2.0,2.0,0,1350000
130 East 18th Street ,10003,750,1.0,1.0,0,699000
82 Irving Place #1C,10003,750,1.0,1.0,0,700000
205 Third Avenue #14D,10003,619,1.0,1.0,0,579000
145 East 15th Street #10G,10003,700,1.0,1.0,0,655000
4 Lexington Avenue #3A,10010,400,0.0,1.0,0,374888
39 Gramercy Park North #1BC,10010,1800,3.0,2.0,0,1695000
7 Lexington Avenue #10F,10010,600,0.0,1.0,0,565000
201 East 21st Street #17D,10010,1375,2.0,2.0,0,1295000
145 East 15th Street #2A,10003,950,2.0,1.0,0,895000
201 East 17th Street #20G,10003,950,2.0,1.0,0,895000
205 Third Avenue #6R,10003,667,0.0,1.0,0,629000
205 Third Avenue #4W,10003,900,1.0,1.0,0,849000
145 East 15th Street #2N,10003,550,0.0,1.0,0,519000
210 East 15th Street #6P,10003,450,0.0,1.0,0,425000
130 East 18th Street #11J,10003,450,0.0,1.0,0,425000
211 East 18th Street #4N,10003,950,2.0,1.0,0,899000
205 Third Avenue #17F,10003,630,1.0,1.0,0,597500
4 Lexington Avenue #2B,10010,715,1.0,1.0,0,679000
205 Third Avenue #15P,10003,600,0.0,1.0,0,570000
230 East 15th Street #6L,10003,515,1.0,1.0,0,490000
145 East 15th Street #12S,10003,750,1.0,1.0,0,715000
230 East 15th Street #8P,10003,575,1.0,1.0,0,549000
130 East 18th Street #7P,10003,575,0.0,1.0,0,549000
211 East 18th Street #3FG,10003,1150,2.0,2.0,0,1099000
130 East 18th Street #11RS,10003,1150,1.0,2.0,0,1100000
211 East 18th Street #5FG,10003,1200,2.0,2.0,0,1150000
201 East 17th Street #14E,10003,625,1.0,1.0,0,599000
205 Third Avenue #7R,10003,667,0.0,1.0,0,640000
210 East 15th Street #6R,10003,750,1.0,1.0,0,720000
130 East 18th Street #7D,10003,625,1.0,1.0,0,600000
201 East 17th Street #11A,10003,656,1.0,1.0,0,630000
201 East 21st Street #14R,10010,1300,2.0,2.0,0,1249000
205 Third Avenue #9P,10003,619,0.0,1.0,0,595000
301 East 22nd Street #8N,10010,650,1.0,1.0,0,625000
201 East 17th Street #29D,10003,650,1.0,1.0,0,625000
4 Lexington Avenue #6P,10010,370,0.0,1.0,0,357000
230 East 15th Street #11G,10003,828,1.0,1.0,0,799000
205 Third Avenue #9D,10003,782,0.0,1.0,0,755000
205 Third Avenue #17P,10003,600,0.0,1.0,0,580000
205 Third Avenue #3D,10003,780,0.0,1.0,0,755000
201 East 17th Street #23E,10009,670,1.0,1.0,0,649000
61 Irving Place #1D,10003,800,1.0,1.0,0,775000
32 Gramercy Park South #13F,10003,700,1.0,1.0,0,679000
130 East 18th Street #16A,10003,700,1.0,1.0,0,679000
142 East 16th Street #15D,10003,850,1.0,1.0,0,825000
130 East 18th Street ,10003,925,1.0,1.0,0,899000
145 East 15th Street #2H,10003,550,0.0,1.0,0,535000
130 East 18th Street #9F,10003,750,1.0,1.0,0,730000
211 East 18th Street #3H,10003,950,2.0,1.0,0,925000
211 East 18th Street #4T,10003,950,2.0,1.0,0,925000
230 East 15th Street #8P,10003,575,0.0,1.0,0,560000
4 Lexington Avenue #1K,10010,600,1.0,1.0,0,585000
205 Third Avenue #3K,10003,870,1.0,1.0,0,849000
130 East 18th Street #4E,10003,750,1.0,1.0,0,735000
82 Irving Place #5BC,10003,1300,2.0,2.0,0,1275000
205 Third Avenue #7P,10003,525,0.0,1.0,0,515000
205 Third Avenue #17E,10003,1350,2.0,2.0,0,1325000
130 East 18th Street #2U,10003,662,1.0,1.0,0,650000
145 East 15th Street #6A,10003,880,2.0,1.0,0,865000
145 East 15th Street #12B,10003,550,0.0,1.0,0,542000
201 East 21st Street #3S,10010,1333,2.0,2.0,0,1315000
130 East 18th Street #17E,10003,750,1.0,1.0,0,740000
205 Third Avenue #12T,10003,885,1.0,1.0,0,875000
201 East 17th Street #10C,10003,1000,2.0,1.0,0,989000
201 East 17th Street #25A,10003,656,1.0,1.0,0,649000
211 East 18th Street #6E,10003,700,1.0,1.0,0,695000
205 Third Avenue #21H,10003,1500,2.0,2.0,0,1490000
205 Third Avenue #10T,10003,900,1.0,1.0,0,895000
201 East 17th Street #31C,10003,1000,2.0,1.0,0,995000
205 Third Avenue #12F,10003,672,1.0,1.0,0,669000
145 East 15th Street #9U,10003,1300,2.0,2.0,0,1295000
201 East 21st Street #19J,10010,1064,2.0,1.0,0,1060000
230 E 15th Street #2J,10003,400,0.0,1.0,0,399000
22 Irving Place #2C,10003,500,1.0,1.0,0,499000
230 East 18th Street #C,10003,2500,3.0,2.0,0,2495000
201 East 17th Street #27E,10003,600,1.0,1.0,0,599000
210 East 15th Street #6K,10003,600,1.0,1.0,0,599000
4 Lexington Avenue #8K,10010,600,1.0,1.0,0,599000
201 East 17th Street #19A,10003,656,1.0,1.0,0,655000
130 East 18th Street #15F,10003,750,1.0,1.0,0,749000
130 East 18th Street #12E,10003,800,1.0,1.0,0,799000
32 Gramercy Park #15C,10003,850,1.0,1.0,0,849000
201 East 17th Street #12H,10003,850,2.0,1.0,0,849000
145 East 15th Street #12N,10003,550,0.0,1.0,0,549500
32 Gramercy Park South #15C,10003,850,1.0,1.0,0,850000
130 East 18th Street #11RS,10003,1150,1.0,2.0,0,1150000
82 Irving Place #2A,10003,650,1.0,1.0,0,650000
39 Gramercy Park North #6D,10010,750,1.0,1.0,0,750000
205 Third Avenue #8M,10003,650,0.0,1.0,0,650000
230 E. 15th Street #4L,10003,525,0.0,1.0,0,525000
7 Lexington Avenue #3H,10010,625,0.0,1.0,0,625000
4 Lexington Avenue #5P,10010,350,0.0,1.0,0,350000
230 East 15th Street #12A,10003,600,1.0,1.0,0,600000
205 Third Avenue #10R,10003,667,0.0,1.0,0,670000
205 Third Avenue #3B,10003,622,0.0,1.0,0,625000
145 East 15th Street #9A,10003,872,1.0,1.0,0,879000
340 East 23rd Street #9E,10010,1280,2.0,2.0,0,1295000
205 Third Avenue #9M,10003,650,0.0,1.0,0,660000
201 East 21st Street #16K,10010,1300,2.0,2.0,0,1320000
301 East 22nd Street #1FGH,10010,1650,2.0,3.0,0,1680000
205 Third Avenue #17L,10003,525,0.0,1.0,0,535000
205 Third Avenue #17L,10003,525,0.0,1.0,0,535000
201 East 17th Street ,10003,656,1.0,1.0,0,670000
211 East 18th Street #1E,10003,700,1.0,1.0,0,715000
201 East 17th Street ,10003,650,1.0,1.0,0,665000
142 East 16th Street #12E,10003,912,1.5,1.0,0,935000
130 East 18th Street #9W,10003,950,1.0,1.0,0,975000
340 East 23rd Street #14D,10010,1071,2.0,2.0,0,1100000
7 Lexington Avenue #5A,10010,900,1.0,1.0,0,925000
340 East 23rd Street ,10010,718,1.0,1.0,0,865000
205 Third Avenue #18N,10003,870,1.0,1.0,0,895000
201 East 17th Street #26D,10003,650,1.0,1.0,0,669000
201 East 15th Street #6G,10003,850,2.0,1.0,0,875000
201 East 21st Street #11B,10010,850,2.0,1.0,0,875000
201 East 21st Street #14G,10010,500,0.0,1.0,0,515000
230 East 15th Street #1E,10003,450,0.0,1.0,0,465000
230 East 15th Street #1E,10003,450,0.0,1.0,0,465000
145 East 15th Street #16S,10003,750,1.0,1.0,0,775000
201 E 15th Street #2G,10003,850,2.0,1.0,0,879000
205 Third Avenue #5F,10003,672,1.0,1.0,0,695000
4 Lexington Avenue #2B,10010,715,1.0,1.0,0,740000
201 East 17th Street #8F,10003,675,1.0,1.0,0,699000
39 Gramercy Park North #7E,10010,1250,2.0,2.0,0,1295000
211 East 18th Street #4V,10003,675,1.0,1.0,0,700000
340 East 23rd Street #3L,10010,770,1.0,1.0,0,799000
340 East 23rd Street #4D,10010,1082,2.0,2.0,0,1125000
340 East 23rd Street #4D,10010,1082,2.0,2.0,0,1125000
201 East 17th Street #19F,10003,625,1.0,1.0,0,650000
301 East 22nd Street #6L,10010,625,1.0,1.0,0,650000
211 East 18th Street #2W,10003,700,1.0,1.0,0,729000
205 Third Avenue #3S,10003,1022,2.0,1.0,0,1065000
340 East 23rd Street #10E,10010,1280,2.0,2.0,0,1335000
205 Third Avenue #16J,10003,650,0.0,1.0,0,679000
205 Third Avenue #8L,10003,870,1.0,1.0,0,909000
205 Third Avenue #11T,10003,885,1.0,1.0,0,925000
340 East 23rd Street #14E,10010,1280,2.0,2.0,0,1340000
7 Lexington Avenue ,10010,950,1.0,1.0,0,995000
233 East 17th Street #1,10003,3100,4.0,4.0,0,3250000
7 Lexington Avenue #10E,10010,500,,1.0,0,525000
211 East 18th Street #3N,10003,950,2.0,1.0,0,999000
210 East 15th Street #6R,10003,750,1.0,1.0,0,789000
142 E 16th Street #20A,10003,1800,2.0,3.0,0,1895000
142 East 16th Street #8D,10003,850,1.0,1.0,0,899000
210 East 15th Street #7H,10003,600,0.5,1.0,0,635000
230 East 18th Street #1B,10003,1676,3.0,3.0,0,1775000
205 Third Avenue #20E,10003,868,1.0,1.0,0,925000
340 East 23rd Street #15E,10010,1280,2.0,2.0,0,1365000
210 East 15th Street #9R,10003,750,1.0,1.0,0,800000
142 East 16th Street #10H,10003,875,1.0,1.0,0,935000
201 East 17th Street #32E,10003,650,1.0,1.0,0,695000
201 East 17th Street #25A,10003,700,1.0,1.0,0,750000
205 Third Avenue #15F,10003,630,0.0,1.0,0,675000
130 East 18th Street #5C,10003,650,1.0,1.0,0,699000
201 East 17th Street #11F,10003,650,1.0,1.0,0,699000
201 E 17th Street #12J,10003,650,1.0,1.0,0,699000
340 East 23rd Street #3E,10010,1280,2.0,2.0,0,1380000
39 Gramercy Park North #3E,10010,1200,2.0,2.0,0,1295000
201 East 21st Street #17K,10010,1200,2.0,2.0,0,1295000
340 East 23rd Street #3M,10010,1606,3.0,2.0,0,1735000
7 Lexington Avenue #10DE,10010,1550,2.0,2.0,0,1675000
340 East 23rd Street #4M,10010,1613,3.0,2.0,0,1750000
340 East 23rd Street #16E,10010,1280,2.0,2.0,0,1390000
1 Irving Place #U8L,10003,822,1.0,1.0,0,895000
300 East 23rd Street #2B,10010,1079,1.0,2.0,0,1175000
340 East 23rd Street #5E,10010,1280,2.0,2.0,0,1395000
205 Third Avenue #4K,10003,868,1.0,1.0,0,949000
205 Third Avenue #7K,10003,868,1.0,1.0,0,949000
145 East 15th Street #8D,10003,400,0.0,1.0,0,439000
32 Gramercy Park #9E,10003,400,0.0,1.0,0,439000
32 Gramercy Park South #16D,10003,1450,2.0,2.0,0,1595000
201 East 15th Street #2D,10003,750,1.0,1.0,0,825000
205 Third Avenue #9S,10003,1022,2.0,1.0,0,1125000
340 East 23rd Street #4E,10010,1280,2.0,2.0,0,1410000
39 Gramercy Park North #16D,10010,1200,2.0,2.0,0,1325000
1 Irving Place #V19D,10003,670,1.0,1.0,0,740000
201 East 17th Street #29E,10003,650,1.0,1.0,0,720000
1 Irving Place ,10003,1489,2.0,2.0,0,1650000
340 East 23rd Street #3D,10010,1082,2.0,2.0,0,1200000
201 East 17th Street #18F,10003,625,1.0,1.0,0,695000
32 Gramercy Park South #9E,10003,400,0.0,1.0,0,445000
145 East 15th Street #3U,10003,1300,2.0,2.0,0,1450000
142 East 16th Street #11A,10003,850,1.0,1.0,0,950000
142 East 16th Street #6AB,10003,1650,2.0,2.0,0,1850000
205 Third Avenue ,10003,1600,2.0,2.0,0,1795000
233 East 17th Street #PH3,10003,2490,3.0,2.0,0,2795000
230 East 15th Street #9A,10003,600,0.0,1.0,0,675000
233 East 17th Street #1,10003,3100,4.0,4.0,0,3495000
205 Third Avenue #7S,10003,1025,2.0,1.0,0,1159000
201 East 15th Street #4C,10003,750,1.0,1.0,0,849000
142 East 16th Street #16EF,10003,1450,2.0,2.0,0,1645000
7 Lexington Avenue #12B,10010,550,1.0,1.0,0,625000
61 Irving Place #3A,10003,1100,2.0,2.0,0,1250000
201 East 17th Street #23G,10003,920,2.0,1.0,0,1049000
340 East 23rd Street #4K,10010,700,1.0,1.0,0,799000
340 East 23rd Street #7M,10010,1606,3.0,2.0,0,1835000
300 East 23rd Street #3H,10010,717,1.0,1.0,0,820000
300 East 23rd Street #3C,10010,764,1.0,1.0,0,875000
39 Gramercy Park North #16B,10010,1000,2.0,1.0,0,1150000
233 East 17th Street ,10003,1720,2.0,2.0,0,1978000
201 East 17th Street #21EF,10003,1300,2.0,2.0,0,1500000
340 East 23rd Street #5L,10010,770,1.0,1.0,0,890000
340 East 23rd Street #14D,10010,1071,2.0,2.0,0,1240000
230 East 15th Street #1J,10003,500,0.0,1.0,0,579000
32 Gramercy Park South #16C,10003,850,1.0,1.0,0,985000
201 East 17th Street #24H,10003,850,2.0,1.0,0,985000
340 East 23rd Street #6L,10010,770,1.0,1.0,0,895000
1 Irving Place #V8I,10003,584,1.0,1.0,0,680000
1 Irving Place #G8F,10003,670,1.0,1.0,0,779000
340 E 23rd Street #3A,10010,653,1.0,1.0,0,760000
1 Irving Place #V8D,10003,670,1.0,1.0,0,780000
1 Irving Place #V8D,10003,670,1.0,1.0,0,780000
1 Irving Place #V8D,10003,661,1.0,1.0,0,780000
300 East 23rd Street #3AB,10010,1918,3.0,3.0,0,2235750
301 E 22nd Street #1E,10010,770,2.0,1.0,0,898000
145 East 15th Street #1J,10003,450,0.0,1.0,0,525000
340 East 23rd Street #16M,10010,1606,3.0,2.0,0,1880000
1 Irving Place #G8D,10003,661,1.0,1.0,0,775000
340 East 23rd Street #8E,10010,1280,2.0,2.0,0,1499000
300 East 23rd Street #5C,10010,764,1.0,1.0,0,895000
1 Irving Place #V8L,10003,459,0.0,1.0,0,539000
340 East 23rd Street #5K,10010,704,1.0,1.0,0,825000
340 East 23rd Street #7E,10010,1280,2.0,2.0,0,1500000
300 East 23rd Street #4H,10010,707,1.0,1.0,0,830000
201 East 21st Street #3S,10010,1333,2.0,2.0,0,1565000
340 East 23rd Street #15D,10010,1071,2.0,2.0,0,1260000
340 East 23rd Street #3F,10010,630,1.0,1.0,0,745000
300 East 23rd Street #7E,10010,744,1.0,1.0,0,880000
300 East 23rd Street #6C,10010,764,1.0,1.0,0,905000
300 East 23rd Street #6H,10010,717,1.0,1.0,0,850000
201 E 21st #18D,10010,800,1.0,1.0,0,949000
300 East 23rd Street #6A,10010,1205,2.0,2.0,0,1430000
205 Third Avenue #19G,10003,1600,3.0,2.0,0,1900000
300 E 23rd Street #5H,10010,707,1.0,1.0,0,840000
1 Irving Place #V16F,10003,785,1.0,1.0,0,935000
1 Irving Place #V19D,10003,670,1.0,1.0,0,799000
230 East 18th Street #1A,10003,1500,2.0,2.0,0,1795000
300 East 23rd Street #7C,10010,764,1.0,1.0,0,915000
300 East 23rd Street #7H,10010,717,1.0,1.0,0,860000
300 East 23rd Street #7A,10010,1205,2.0,2.0,0,1450000
1 Irving Place #V20G,10003,534,0.0,1.0,0,650000
233 East 17th Street #5,10003,3858,3.0,3.0,0,4650000
205 Third Avenue #19H,10003,1450,2.0,2.0,0,1750000
205 Third Avenue #19H,10003,1450,2.0,2.0,0,1750000
300 East 23rd Street #3G,10010,994,1.0,1.0,0,1200000
210 East 15th Street #14E,10003,575,1.0,1.0,0,695000
1 Irving Place #G11A,10003,738,1.0,1.0,0,895000
1 Irving Place #U8E,10003,628,1.0,1.0,0,825000
1 Irving Place #U8L,10003,822,1.0,1.0,0,995000
300 East 23rd Street #8C,10010,764,1.0,1.0,0,925000
130 East 18th Street #4E,10003,750,1.0,1.0,0,910000
340 East 23rd Street #6F,10010,638,1.0,1.0,0,775000
340 East 23rd Street #5H,10010,718,1.0,1.0,0,875000
340 East 23rd Street #9E,10010,1280,2.0,2.0,0,1560000
300 East 23rd Street #8A,10010,1205,2.0,2.0,0,1470000
340 East 23rd Street #11K,10010,700,1.0,1.0,0,855000
300 East 23rd Street #9H,10010,717,1.0,1.0,0,880000
One Irving Place #U16A,10003,714,1.0,1.0,0,885000
340 East 23rd Street #12A,10010,650,1.0,1.0,0,799000
1 Irving Place #G19H,10003,459,,1.0,0,565000
1 Irving Place #V16C,10003,670,1.0,1.0,0,825000
1 Irving Place #V10C,10003,670,1.0,1.0,0,825000
340 East 23rd Street #15M,10010,1606,3.0,3.0,0,1980000
230 East 18th Street #5C,10003,1500,2.0,1.0,0,1850000
340 E 23rd Street #12A,10010,647,1.0,1.0,0,799000
201 East 17th Street #31E,10003,655,1.0,1.0,0,809000
300 East 23rd Street #5G,10010,994,1.0,1.0,0,1230000
1 Irving Place #G27A,10003,714,1.0,1.0,0,885000
1 Irving Place #P16I,10003,452,0.0,1.0,0,570000
340 East 23rd Street #6G,10010,431,0.0,1.0,0,535000
340 East 23rd Street #4I,10010,434,0.0,1.0,0,539000
340 East 23rd Street #10E,10010,1280,2.0,2.0,0,1590000
340 East 23rd Street #11M,10010,1606,3.0,2.0,0,1995000
340 East 23rd #12K,10010,700,1.0,1.0,0,870000
1 Irving Place #V10B,10003,794,2.0,1.0,0,995000
7 Lexington Avenue #5G,10010,800,1.0,1.0,0,995000
340 East 23rd Street #14E,10010,1280,2.0,2.0,0,1600000
1 Irving Place #G11H,10003,459,0.0,1.0,0,575000
82 Irving Place #6DEF,10003,1700,2.0,3.0,0,2125000
1 Irving Place #P70,10003,662,1.0,1.0,0,827500
1 Irving Place #V12E,10003,681,1.0,1.0,0,825000
1 Irving Place #U14E,10003,661,1.0,1.0,0,875000
300 East 23rd Street #3D,10010,1279,2.0,2.0,0,1600000
300 East 23rd Street #4B,10010,700,1.0,1.0,0,875750
340 East 23rd Street #7H,10010,718,1.0,1.0,0,899000
300 East 23rd Street #9A,10010,1205,2.0,2.0,0,1510000
340 East 23rd Street #PH1E,10010,1428,2.0,2.0,0,1795000
340 East 23rd Street #14F,10010,630,1.0,1.0,0,795000
340 East 23rd Street #12F,10010,630,1.0,1.0,0,795000
300 East 23rd Street #11H,10010,717,1.0,1.0,0,905000
1 Irving Place #P8H,10003,672,1.0,1.0,0,859000
1 Irving Place #U11D,10003,671,1.0,1.0,0,849000
1 Irving Place #U10F,10003,785,1.0,1.0,0,995000
300 East 23rd Street #7G,10010,994,1.0,1.0,0,1260000
300 East 23rd Street #4F,10010,690,1.0,1.0,0,875000
1 Irving Place #P8F,10003,684,1.0,1.0,0,869000
300 East 23rd Street #10A,10010,1205,2.0,2.0,0,1530000
233 East 17th Street #4,10003,2273,3.0,3.0,0,2887000
300 East 23rd Street #5E,10010,744,1.0,1.0,0,945000
300 East 23rd Street #4D,10010,1279,2.0,2.0,0,1625000
233 East 17th Street #4,10003,2273,3.0,3.0,0,2895000
1 Irving Place #P7O,10003,661,1.0,1.0,0,844000
300 East 23rd Street #12H,10010,717,1.0,1.0,0,915000
300 East 23rd Street #12C,10010,764,1.0,1.0,0,975000
340 East 23rd Street #6K,10010,704,1.0,1.0,0,899000
340 East 23rd Street #6K,10010,704,1.0,1.0,0,899000
340 East 23rd Street #14H,10010,718,1.0,1.0,0,920000
340 East 23rd Street #10H,10010,718,1.0,1.0,0,920000
1 Irving Place #V14D,10003,670,1.0,1.0,0,859000
1 Irving Place #G11D,10003,670,1.0,1.0,0,859000
1 Irving Place #G7F,10003,670,1.0,1.0,0,859000
1 Irving Place #G7F,10003,670,1.0,1.0,0,859000
300 East 23rd Street #8G,10010,994,1.0,1.0,0,1275000
1 Irving Place ,10003,670,1.0,1.0,0,898000
1 Irving Place #G17B,10003,684,1.0,1.0,0,879000
300 East 23rd Street #6B,10010,698,1.0,1.0,0,895750
1 Irving Place #U21E,10003,661,1.0,1.0,0,850000
East 23rd Street #11A,10010,1205,2.0,2.0,0,1550000
130 East 18th Street ,10003,950,1.0,1.0,0,1225000
300 East 23rd Street #5D,10010,1279,2.0,2.0,0,1650000
1 Irving Place #V9AB,10003,1550,3.0,2.0,0,2000000
340 East 23rd Street #15L,10010,770,1.0,1.0,0,995000
340 East 23rd Street #14L,10010,770,1.0,1.0,0,995000
1 Irving Place #G12I,10003,452,0.0,1.0,0,595000
340 East 23rd Street #9I,10010,435,0.0,1.0,0,563000
39 Gramercy Park North #1112F,10010,1467,2.0,2.0,0,1900000
1 Irving Place #G18H,10003,460,0.0,1.0,0,599000
1 Irving Place #G18H,10003,459,0.0,1.0,0,599000
340 East 23rd Street #4H,10010,718,1.0,1.0,0,935000
1 Irving Place #G19H,10003,459,0.0,1.0,0,598000
1 Irving Place #P15C,10003,670,1.0,1.0,0,874500
340 East 23rd Street #15K,10010,704,1.0,1.0,0,920000
340 East 23rd Street #15M,10010,1606,3.0,2.0,0,2105000
340 East 23rd Street #PH3C,10010,1373,2.0,2.0,0,1800000
300 East 23rd Street #6DE,10010,2032,3.0,3.0,0,2665000
300 East 23rd Street #6F,10010,690,1.0,1.0,0,905000
300 East 23rd Street #9G,10010,994,1.0,1.0,0,1305000
1 Irving Place #U14D,10003,670,1.0,1.0,0,880000
1 Irving Place #U7A,10003,1330,2.0,2.0,0,1750000
211 East 18th Street #1M,10003,675,1.0,1.0,0,889000
340 East 23rd Street #14J,10010,436,,1.0,0,575000
340 East 23rd Street #11G,10010,431,0.0,1.0,0,569000
340 East 23rd Street #15E,10010,1280,2.0,2.0,0,1690000
32 Gramercy Park South #16H,10003,1400,2.0,1.0,0,1850000
340 East 23rd Street #5F,10010,638,1.0,1.0,0,845000
300 East 23rd Street #7F,10010,690,1.0,1.0,0,915000
340 East 23rd Street #14M,10010,1606,3.0,2.0,0,2135000
1 Irving Place #P12G,10003,534,1.0,1.0,0,710000
1 Irving Place #G25D,10003,1163,2.0,2.0,0,1550000
1 Irving Place #G28C,10003,691,1.0,1.0,0,920000
340 East 23rd Street #8D,10010,1088,2.0,2.0,0,1450000
233 East 17th Street #2,10003,1720,2.0,2.0,0,2295000
1 Irving Place #U21C,10003,670,1.0,1.0,0,895000
340 East 23rd Street #PH4A,10010,842,1.0,1.0,0,1125000
340 East 23rd Street #16H,10010,718,1.0,1.0,0,960000
300 East 23rd Street #9E,10010,744,1.0,1.0,0,995000
340 East 23rd Street #15J,10010,436,,1.0,0,585000
1 Irving Place #P19C,10003,670,1.0,1.0,0,899000
1 Irving Place #V20A,10003,714,1.0,1.0,0,960000
300 East 23rd Street #3E,10010,744,1.0,1.0,0,999000
1 Irving Place #P18E,10003,661,1.0,1.0,0,889000
300 East 23rd Street #8DE,10010,2032,3.0,3.0,0,2735000
300 East 23rd Street #7D,10010,1279,2.0,2.0,0,1725000
300 East 23rd Street #9F,10010,690,1.0,1.0,0,935000
340 East 23rd Street #6H,10010,719,1.0,1.0,0,975000
340 East 23rd Street #10K,10010,700,1.0,1.0,0,950000
1 Irving Place #U15I,10003,1485,0.0,1.0,0,625000
1 Irving Place #P15H,10003,459,0.0,1.0,0,625000
233 East 17th Street #6,10003,2196,3.0,3.0,0,2988000
4 Lexington Avenue #15M,10010,3600,3.0,2.0,0,4900000
340 East 23rd Street #3K,10010,704,1.0,1.0,0,960000
340 East 23rd Street #11J,10010,440,0.0,1.0,0,595000
340 East 23rd Street #14I,10010,435,0.0,1.0,0,595000
300 East 23rd Street #11B,10010,698,1.0,1.0,0,955750
300 East 23rd Street #10F,10010,690,1.0,1.0,0,945000
1. Irving Place #P9G,10003,534,1.0,1.0,0,740000
1 Irving Place #V20AB,10003,1420,3.0,2.0,0,1950000
340 East 23rd Street #16B,10010,436,0.0,1.0,0,599000
1 Irving Place #U14FG,10003,1319,3.0,2.0,0,1925000
300 East 23rd Street #3E,10010,672,1.0,1.0,0,925000
1 Irving Place #P15AB,10003,1398,2.0,2.0,0,1925000
340 East 23rd Street #16M,10010,1606,3.0,2.0,0,2215000
340 East 23rd Street #4B,10010,435,0.0,1.0,0,600000
1 Irving Place #P15C,10003,670,1.0,1.0,0,924500
1 Irving Place #P17C,10003,670,1.0,1.0,0,925000
1 Irving Place #U19C,10003,670,1.0,1.0,0,925000
233 East 17th Street ,10003,1140,2.0,2.0,0,1580000
1 Irving Place #V16A,10003,714,1.0,1.0,0,995000
300 East 23rd Street #12F,10010,690,1.0,1.0,0,965000
340 East 23rd Street #PH2F,10010,1062,2.0,2.0,0,1490000
1 Irving Place #V20B,10003,684,1.0,1.0,0,960000
340 East 23rd Street #16G,10010,431,,1.0,0,605000
340 East 23rd Street #5F,10010,638,1.0,1.0,0,897500
300 East 23rd Street #11DE,10010,2032,3.0,3.0,0,2865000
1 Irving Place #U7J,10003,452,0.0,1.0,0,649000
201 East 21st Street #15S,10010,1200,2.0,2.0,0,1695000
145 East 15th Street #2PR,10003,1550,3.0,2.0,0,2200000
340 East 23rd Street #10A,10010,653,1.0,1.0,0,930000
340 East 23rd Street #16F,10010,638,1.0,1.0,0,910000
32 Gramercy Park South #16H,10003,1400,2.0,1.0,0,2000000
340 East 23rd Street #14D,10010,1071,2.0,2.0,0,1530000
340 East 23rd Street #14F,10010,630,1.0,1.0,0,905000
340 East 23rd Street #12B,10010,435,0.0,1.0,0,625000
205 Third Avenue #19G,10003,1600,3.0,2.0,0,2300000
340 East 23rd Street #15G,10010,431,0.0,1.0,0,620000
340 East 23rd Street #15G,10010,431,0.0,1.0,0,620000
300 East 23rd Street #11F,10010,690,1.0,1.0,0,995000
233 East 17th Street #9,10003,1230,2.0,2.0,0,1775000
340 East 23rd Street #8E,10010,1280,2.0,2.0,0,1850000
340 East 23rd Street #15D,10010,1071,2.0,2.0,0,1555000
340 East 23rd Street #9C,10010,653,1.0,1.0,0,950000
1 Irving Place #G27D,10003,1163,2.0,2.0,0,1700000
300 East 23rd Street #15A,10010,1221,2.0,2.0,0,1785500
39 Gramercy Park North #12BC,10010,1880,3.0,2.0,0,2750000
1 Irving Place #U7A,10003,1330,2.0,2.0,0,1950000
1 Irving Place #20AB,10003,1500,3.0,2.0,0,2200000
1 Irving Place #G20A,10003,714,1.0,1.0,0,1050000
340 East 23rd Street #11B,10010,435,0.0,1.0,0,640000
340 East 23rd Street SKYHOUSECD,10010,3466,5.0,4.0,0,5100000
340 East 23rd Street #16D,10010,1071,2.0,2.0,0,1580000
1 Irving Place #P16H,10003,459,0.0,1.0,0,679000
340 East 23rd Street #15C,10010,653,1.0,1.0,0,965000
340 East 23rd Street #PH4D,10010,1688,3.0,3.0,0,2495000
340 East 23rd Street #PH4D,10010,1688,3.0,3.0,0,2495000
300 East 23rd Street #16A,10010,1221,2.0,2.0,0,1805000
340 East 23rd Street #11D,10010,1082,2.0,2.0,0,1600000
340 East 23rd Street #7I,10010,435,0.0,1.0,0,649000
1 Irving Place #V8G,10003,794,2.0,1.0,0,1195000
1 Irving Place #P18A,10003,714,1.0,1.0,0,1070000
340 East 23rd Street #14E,10010,1280,2.0,2.0,0,1900000
340 East 23rd Street #PH1B,10010,1096,2.0,2.0,0,1650000
340 East 23rd Street #6G,10010,431,0.0,1.0,0,655000
1 Irving Place #V25D,10003,1163,2.0,2.0,0,1750000
300 East 23rd Street #18A,10010,1221,2.0,2.0,0,1845500
340 East 23rd Street SKYHOUSE-B,10010,839,1.0,1.0,0,1275000
340 East 23rd Street #14B,10010,435,,1.0,0,665000
340 East 23rd Street #PH4C,10010,770,1.0,1.0,0,1180000
340 East 23rd Street #PH4C,10010,770,1.0,1.0,0,1180000
22 Irving Place #1A,10003,300,1.0,1.0,0,460000
300 East 23rd Street #7A,10010,1205,2.0,2.0,0,1850000
340 East 23rd Street #7B,10010,435,0.0,1.0,0,670000
340 East 23rd Street SKYHOUSE-B,10010,839,1.0,1.0,0,1295000
340 East 23rd Street #7B,10010,476,0.0,1.0,0,735000
300 East 23rd Street #17A,10010,1221,2.0,2.0,0,1885500
300 East 23rd Street #PHA,10010,1221,2.0,2.0,0,1885500
340 East 23rd Street #15B,10010,435,0.0,1.0,0,675000
300 East 23rd Street #10A,10010,1205,2.0,2.0,0,1875000
340 East 23rd Street #16J,10010,436,0.0,1.0,0,679000
1 Irving Place #P14FG,10003,1319,3.0,2.0,0,2300000
1 Irving Place #P14FG,10003,1475,3.0,2.0,0,2300000
340 East 23rd Street #PH1F,10010,1200,2.0,2.0,0,1700000
300 East 23rd Street #6C,10010,764,1.0,1.0,0,1198000
1 Irving Place #G24C,10003,691,1.0,1.0,0,1085000
300 East 23rd Street #6B,10010,698,1.0,1.0,0,1100000
160 East 22nd Street #4E,10010,575,0.0,1.0,0,909990
233 East 17th Street #4,10003,2273,3.0,3.0,0,3600000
300 East 23rd Street #15C,10010,1323,2.0,2.0,0,2100000
1 Irving Place #U16G,10003,534,0.0,1.0,0,849000
1 Irving Place #U21G,10003,534,1.0,1.0,0,859000
300 East 23rd Street #17B,10010,1491,3.0,2.0,0,2375000
1 Irving Place #P11B,10003,794,1.0,1.0,0,1275000
340 East 23rd Street #PH1B,10010,1096,2.0,2.0,0,1750000
1 Irving Place #G20EF,10003,1447,3.0,2.0,0,2400000
1 Irving Place #G21D,10003,670,1.0,1.0,0,1075000
160 East 22nd Street #3A,10010,847,1.0,1.0,0,1359990
340 East 23rd Street #12G,10010,435,0.0,1.0,0,700000
300 East 23rd Street #18B,10010,1491,3.0,2.0,0,2405000
340 East 23rd Street #PH1E,10010,1428,2.0,2.0,0,2289000
340 East 23rd Street #2D,10010,1082,2.0,2.0,0,1749000
340 East 23rd Street #9D,10010,1082,2.0,2.0,0,1749000
340 East 23rd Street #PH4B,10010,1729,3.0,3.0,0,2795000
340 East 23rd Street SKYHOUSEA,10010,881,1.0,1.0,0,1425000
1 Irving Place #G18H,10003,459,0.0,1.0,0,745000
340 East 23rd Street #14B,10010,435,0.0,1.0,0,640000
1 Irving #U21G,10003,534,1.0,1.0,0,875000
340 East 23rd Street #16G,10010,431,0.0,1.0,0,700000
340 East 23rd Street #PH4D,10010,1688,3.0,3.0,0,2750000
1 Irving Place #28BC,10003,1900,3.0,3.0,0,3100000
1 Irving Place #G19H,10003,459,0.0,1.0,0,749000
1 Irving Place #G19H,10003,459,0.0,1.0,0,749000
1 Irving Place #G19H,10003,459,0.0,1.0,0,749000
300 East 23rd Street #17C,10010,1323,2.0,2.0,0,2160000
340 East 23rd Street #PH1A,10010,843,2.0,2.0,0,1385000
340 East 23rd Street #PH1C,10010,1425,2.0,2.0,0,2350000
340 East 23rd Street #PH1C,10010,1425,2.0,2.0,0,2350000
300 East 23rd Street #PHB,10010,1491,3.0,2.0,0,2465000
1 Irving Place #U9A,10003,738,1.0,1.0,0,1225000
340 East 23rd Street SKYHOUSEB,10010,839,1.0,1.0,0,1395000
1 Irving Place #G28C,10003,691,1.0,1.0,0,1149000
340 East 23rd Street #16J,10010,436,0.0,1.0,0,725000
340 East 23rd Street #12M,10010,1606,3.0,2.0,0,2680000
1 Irving Place #U25B,10003,1016,2.0,2.0,0,1695000
1 Irving Place #G24A,10003,714,1.0,1.0,0,1195000
340 East 23rd Street #PH1A,10010,843,2.0,2.0,0,1410000
1 Irving Place #U25B,10003,1016,2.0,2.0,0,1700000
1 Irving Place #U25B,10003,1016,2.0,2.0,0,1700000
340 East 23rd Street #PH1A,10010,843,2.0,2.0,0,1420000
1 Irving Place #V7K,10003,452,0.0,1.0,0,775000
1 Irving Place #V7K,10003,460,0.0,1.0,0,775000
1 Irving Place #U8L,10003,822,1.0,1.0,0,1395000
300 East 23rd Street #10D,10010,1279,2.0,2.0,0,2175000
340 East 23rd Street #PH4D,10010,1688,3.0,3.0,0,2880000
340 East 23rd Street #PH2D,10010,1072,2.0,2.0,0,1830000
1 Irving Place #7VI,10003,580,1.0,1.0,0,995000
1 Irving Place #V24B,10003,1016,2.0,2.0,0,1750000
1 Irving Place #V7I,10003,573,1.0,1.0,0,995000
1 Irving Place #G11E,10003,661,1.0,1.0,0,1150000
160 East 22nd Street #11E,10010,1540,3.0,2.0,0,2689990
300 East 23rd Street #19B,10010,1391,3.0,2.0,0,2435000
340 East 23rd Street #PH2C,10010,1357,2.0,2.0,0,2390000
340 East 23rd Street #PH2C,10010,1357,2.0,2.0,0,2390000
1 Irving Place #V28B,10003,1016,2.0,2.0,0,1795000
340 East 23rd Street #PH2E,10010,1354,2.0,2.0,0,2395000
1 Irving Place #V18F,10003,1835,3.0,3.0,0,3250000
160 East 22nd Street #14E,10010,1540,3.0,2.0,0,2729990
340 East 23rd Street SKYHOUSEB,10010,839,1.0,1.0,0,1495000
340 East 23rd Street #PH2F,10010,1062,2.0,2.0,0,1900000
160 East 22nd Street #7F,10010,550,0.0,1.0,0,986990
160 East 22nd Street #9E,10010,1540,3.0,2.0,0,2779990
1 Irving Place #G23D,10003,1163,2.0,2.0,0,2100000
233 East 17th Street ,10003,1360,3.0,2.0,0,2465000
1 Irving Place #P19F,10003,785,1.0,1.0,0,1425000
160 East 22nd Street #11D,10010,833,1.0,1.0,0,1525990
300 East 23rd Street #11C,10010,764,1.0,1.0,0,1400000
300 East 23rd Street #14A,10010,1221,2.0,2.0,0,2250000
1 Irving Place #V21G,10003,534,1.0,1.0,0,995000
300 East 23rd Street #18B,10010,1491,3.0,2.0,0,2850000
160 East 22nd Street #7D,10010,748,1.0,1.0,0,1429990
233 East 17th Street ,10003,1140,2.0,2.0,0,2180000
233 East 17th Street #PH1,10003,2196,3.0,3.0,0,4220000
1 Irving Place #P25A,10003,714,1.0,1.0,0,1375000
160 East 22nd Street #6B,10010,700,1.0,1.0,0,1349990
340 East 23rd Street #PH2B,10010,1233,2.0,2.0,0,2380000
160 East 22nd Street #3D,10010,521,0.0,1.0,0,1009990
340 East 23rd Street #PH4C,10010,770,1.0,1.0,0,1495000
1 Irving Place #U8L,10003,822,1.0,1.0,0,1600000
300 East 23rd Street #9B,10010,700,1.0,1.0,0,1390000
160 East 22nd Street #7A,10010,1116,2.0,2.0,0,2229990
340 East 23rd Street #PH4B,10010,1729,3.0,3.0,0,3460000
340 East 23rd Street #PH4A,10010,842,1.0,1.0,0,1690000
300 East 23rd Street #14B,10010,1491,3.0,2.0,0,2995000
160 East 22nd Street #5D,10010,1139,2.0,2.0,0,2292990
160 East 22nd Street #8B,10010,722,1.0,1.0,0,1468990
300 East 23rd Street #14C,10010,1323,2.0,2.0,0,2700000
1 Irving Place #V12BC,10003,1543,2.0,2.0,0,3150000
160 East 22nd Street #6D,10010,1139,2.0,2.0,0,2326990
300 East 23rd Street #3AB,10010,1918,3.0,3.0,0,3950000
160 East 22nd Street #18C,10010,1289,2.0,2.0,0,2669990
160 East 22nd Street #4C,10010,1134,2.0,2.0,0,2356990
160 East 22nd Street #12A,10010,1212,2.0,2.0,0,2519990
160 East 22nd Street #8A,10010,1209,2.0,2.0,0,2519990
160 East 22nd Street #8A,10010,1209,2.0,2.0,0,2519990
1 Irving Place #U22C,10003,2871,3.0,3.0,0,5995000
1 Irving Place #P21A,10003,714,1.0,1.0,0,1495000
1 Irving Place #U22AC,10003,3585,4.0,4.0,0,7500000
160 East 22nd Street #10D,10010,833,1.0,1.0,0,1759990
160 East 22nd Street #8C,10010,1135,2.0,2.0,0,2414990
160 East 22nd Street #3B,10010,694,1.0,1.0,0,1482990
160 East 22nd Street #11A,10010,1212,2.0,2.0,0,2609990
160 East 22nd Street #7B,10010,724,1.0,1.0,0,1559990
160 East 22nd Street #11C,10010,1135,2.0,2.0,0,2459990
1 Irving Place #G22B,10003,1016,2.0,2.0,0,2225000
160 East 22nd Street #7C,10010,1141,2.0,2.0,0,2510990
160 East 22nd Street #8E,10010,1535,3.0,2.0,0,3400000
160 East 22nd Street #19A,10010,1420,2.0,2.0,0,3159990
1 Irving Place #G19D,10003,670,1.0,1.0,0,1495000
300 East 23rd Street #17A,10010,1221,2.0,2.0,0,2750000
160 East 22nd Street #9A,10010,1212,2.0,2.0,0,2732990
160 East 22nd Street #10B,10010,722,1.0,1.0,0,1669990
160 East 22nd Street #10C,10010,1135,2.0,2.0,0,2630990
160 East 22nd Street #16C,10010,1135,2.0,2.0,0,2649990
160 East 22nd Street #21B,10010,1111,2.0,2.0,0,2599990
160 East 22nd Street #16A,10010,1212,2.0,2.0,0,2839990
233 East 17th Street #PH2,10003,1140,2.0,2.0,0,2675000
57 Irving Place #FL3,10003,2872,3.0,3.0,0,6750000
160 East 22nd Street #20C,10010,1289,2.0,2.0,0,3055990
160 East 22nd Street #21C,10010,1289,2.0,2.0,0,3149990
160 East 22nd Street #20A,10010,1206,2.0,2.0,0,3029990
57 Irving Place #PH,10003,2386,3.0,3.0,0,6000000
160 East 22nd Street #21A,10010,1206,2.0,2.0,0,3037990
57 Irving Place #FL5,10003,2872,3.0,3.0,0,7300000
160 East 22nd Street #17C,10010,1289,2.0,2.0,0,3351990
57 Irving Place #TH,10003,6763,4.0,5.0,0,18000000
57 Irving Place #FL6,10003,2872,3.0,3.0,0,7650000
160 East 22nd Street #17A,10010,1420,2.0,2.0,0,3939990
57 Irving Place #PHDPLX,10003,4826,5.0,5.0,0,18000000
